237,PU Replacement Bands for Apple iWatch,Watch Band,18.63,https://cdn.shopify.com/s/files/1/0788/2358/8067/files/52c0792ed915094850d170909a0f07b3.jpg?v=1774456194,AOP printed watch band with colorful psychedelic or maximalist pattern,dopamine dressing,wearable art movement,chromatic therapy,vivid aura aesthetic,all over print,AOP fashion,psychedelic clothing,statement piece,bold print,maximalist fashion,wearable art,unique gift,Wrap your wrist in a world of color — because even the time should be an experience,Guys+Girls,Boundless Bleeds|Chromatic Overload|Maximalist Motifs|Color Riot,Accessories
238,iPad Folding Case with Full Coverage,Tablet Case,18.05,https://cdn.shopify.com/s/files/1/0788/2358/8067/files/0a7934700cf3bc1bf0f7b481b8c455bc.jpg?v=1774456194,Tablet case with bold colorful all-over print design,dopamine dressing,wearable art movement,eclectic maximalism,vivid aura aesthetic,all over print,AOP fashion,bold print,graphic print,statement piece,maximalist fashion,wearable art,unique gift,Protect your portal to the internet with art that deserves to be seen,Guys+Girls,Boundless Bleeds|Chromatic Overload|Maximalist Motifs|Color Riot,Accessories
239,"Articles, Articles AOP Graffiti Suit Jacket | 260gsm Two-Button Blazer for Professional Rebels (S-5XL)",Blazer,80.18,https://cdn.shopify.com/s/files/1/0788/2358/8067/files/articles-articles-aop-graffiti-suit-jacket-for-the-professional-rebels-4681243.png?v=1778285947,Bold graffiti newspaper text collage AOP suit jacket in black/white/newsprint with hand-painted graffiti overlays,eclectic maximalism,wearable art movement,art kid fashion,post-internet fashion,all over print,AOP fashion,streetwear,statement piece,graphic print,alt fashion,wearable art,maximalist fashion,The boardroom never saw the revolution coming — wear it anyway,Guys,StreetsmART|Boundless Bleeds|Maximalist Motifs|Hyperdensity,
240,Maximalist Long-Sleeve Shirt for Creative Directors - DNA Thread AOP Button-Up Art-Forward Workwear Founder Uniform Gallery-Ready Menswear Cotton Poplin,T-Shirt,67.00,https://cdn.shopify.com/s/files/1/0788/2358/8067/files/155733-036ff26b-0aa9-4eef-943b-d072db3c7759_7edc5da5-42ee-4708-bebc-9ad879b1c413.png?v=1778455933,DNA strand helix pattern AOP long-sleeve button-up shirt in black and white with scientific graphic repeating motif,wearable art movement,art kid fashion,neuro-spicy style,post-internet fashion,all over print,AOP fashion,streetwear,statement piece,graphic print,wearable art,maximalist fashion,alt fashion,Built from the blueprint of something genius — wear your code,Guys,Boundless Bleeds|Maximalist Motifs|Quantum Bloom|Hyperdensity,
241,Tiger & Crane AOP Men's Hawaiian Shirt | Bold Animal Print Button-Up,Hawaiian Shirt,38.06,https://cdn.shopify.com/s/files/1/0788/2358/8067/files/155733-e0a4dafb-fbc9-4cde-bf73-0d992be4560d.png?v=1778714524,Tiger and crane Oriental-inspired AOP with bold orange tiger and white crane motifs on dark background,dopamine dressing,vivid aura aesthetic,festival core 2026,eclectic maximalism,all over print,AOP fashion,festival outfit,statement piece,bold print,graphic print,streetwear,wearable art,Two ancient forces. One shirt. Zero apologies.,Guys,Primal Prints|Boundless Bleeds|Color Riot|Chromatic Overload,
242,Maximalist Hawaiian Shirt for Art-Literate Dressers - Abstract Patchwork AOP Button-Up Summer Festival Top Intricate Print Menswear Resort Statement Shirt Wearable Art,Hawaiian Shirt,39.00,https://cdn.shopify.com/s/files/1/0788/2358/8067/files/155733-bbcc9f65-5bf5-49ab-ac01-7ccf4cf1a6a6_84609e4f-e00d-4c38-8e81-02da98d4c8a6.png?v=1778714396,Abstract patchwork collage AOP Hawaiian shirt with mixed media pattern in warm earthy tones and geometric shapes,eclectic maximalism,wearable art movement,festival core 2026,art kid fashion,all over print,AOP fashion,festival outfit,statement piece,bold print,wearable art,maximalist fashion,indie aesthetic,A gallery show you can sweat in — bring the chaos to the beach,Guys,Maximalist Motifs|Boundless Bleeds|Color Riot|Cognitive Drift,
243,Static Frequency AOP Men's Silk-Feel Shirt | Maximalist Short-Sleeve Summer Top,Shirt,35.00,https://cdn.shopify.com/s/files/1/0788/2358/8067/files/155733-9fe305b5-d643-4627-81d8-bc0739426ef5.png?v=1778714457,Static noise interference pattern AOP shirt with TV static/glitch aesthetic in monochrome or muted tones,post-internet fashion,weird girl aesthetic,hyperpop streetwear,neuro-spicy style,all over print,AOP fashion,streetwear,statement piece,graphic print,alt fashion,rave wear,wearable art,When the signal breaks down beauty emerges from the noise,Guys,Static Frequency|Boundless Bleeds|Cognitive Drift|Maximalist Motifs,
244,Fluid Abstract AOP Men's Silk-Feel Short Sleeve Shirt | Imitation Silk Loose-Cut Summer Top - Maximalist Print Resort Menswear (S-5XL),Button-Up Shirt,35.00,https://cdn.shopify.com/s/files/1/0788/2358/8067/files/155733-44e14dec-e2a5-4a36-95c5-dca47d298dd4.png?v=1778715086,Fluid abstract liquid AOP shirt with flowing colorful brush strokes in earth or ocean tones,chromatic therapy,dopamine dressing,vivid aura aesthetic,wearable art movement,all over print,AOP fashion,festival outfit,psychedelic clothing,statement piece,bold print,wearable art,maximalist fashion,Wear the feeling of a wave you never want to leave,Guys,Cognitive Drift|Boundless Bleeds|Chromatic Overload|Color Riot|Quantum Bloom,
245,Gatsby's Gear AOP Long Sleeve Button-Up Shirt | Art Deco Maximalist Print Slub Cotton (125gsm XS-5XL),Button-Up Shirt,83.00,https://cdn.shopify.com/s/files/1/0788/2358/8067/files/155733-0581a56b-fbab-47b0-be7f-1d10abe1ade8.jpg?v=1774789631,Art Deco geometric maximalist AOP in gold/cream/black with 1920s-inspired ornate repeating motifs,eclectic maximalism,wearable art movement,art kid fashion,chromatic therapy,all over print,AOP fashion,statement piece,graphic print,bold print,wearable art,maximalist fashion,alt fashion,Old money never looked this rebellious — the roaring twenties got a remix,Guys,Maximalist Motifs|Boundless Bleeds|Hyperdensity|Ocular Opulence,
246,Agate Dreams Silk Bandana - Blue & Amber Geode Marble AOP Square Scarf Psychedelic Accessory,Bandana,24.98,https://cdn.shopify.com/s/files/1/0788/2358/8067/files/155733-15440ac0-6837-4060-92ad-3032e0e6792c.jpg?v=1774789513,Blue and amber agate geode marble pattern silk bandana with crystal/mineral inspired swirling patterns,chromatic therapy,vivid aura aesthetic,dopamine dressing,serotonin boost fashion,all over print,AOP fashion,psychedelic clothing,statement piece,festival outfit,wearable art,unique gift,burning man outfit,The earth spent a million years making this pattern — you can wear it in a day,Guys+Girls,Transcendent Artifacts|Cognitive Drift|Chromatic Overload|Boundless Bleeds,Accessories
247,Puppy Parade Silk Bandana — Playful Dog Portrait AOP Square Scarf for Pet-Obsessed Dressers,Bandana,24.98,https://cdn.shopify.com/s/files/1/0788/2358/8067/files/155733-31d1fbcc-1c7c-43ac-9758-f2b8e5ee782d.jpg?v=1774789810,Cute illustrated dog portraits in a repeated grid pattern on silk bandana — whimsical canine collage,dopamine dressing,weird girl aesthetic,wearable art movement,serotonin boost fashion,all over print,AOP fashion,statement piece,wearable art,unique gift,alt fashion,graphic print,,Life is better with dogs and pattern — tie both around your neck,Girls,Avant-Kindergarden™|Boundless Bleeds|Maximalist Motifs|Color Riot,Accessories
248,Tortoise Race All-Over Print Silk-Feel Button-Up Shirt,Shirt,37.0,https://cdn.shopify.com/s/files/1/0788/2358/8067/files/tortoise-race-all-over-print-silk-feel-button-up-shirt-5959346.png?v=1778285948,Illustrated tortoise racing scene AOP shirt with playful cartoon tortoises in colorful patterns,dopamine dressing,weird girl aesthetic,art kid fashion,serotonin boost fashion,all over print,AOP fashion,festival outfit,statement piece,wearable art,alt fashion,graphic print,indie aesthetic,Slow down? Never heard of her — this race is just getting started,Guys+Girls,Avant-Kindergarden™|Boundless Bleeds|Color Riot|Vibe-Checked Vectors,
249,Salt Water Tapestry | Abstract Art All-Over Print Silk-Feel Button-Up Shirt,Shirt,37.0,https://cdn.shopify.com/s/files/1/0788/2358/8067/files/salt-water-tapestry-abstract-art-all-over-print-silk-feel-button-up-shirt-4183346.png?v=1778285948,Ocean/water-inspired abstract silk AOP shirt with fluid blue-green wavy brush strokes and organic forms,chromatic therapy,wearable art movement,vivid aura aesthetic,eclectic maximalism,all over print,AOP fashion,festival outfit,statement piece,wearable art,psychedelic clothing,bold print,indie aesthetic,Wear the ocean — every wave a brushstroke every ripple a revelation,Guys+Girls,Boundless Bleeds|Cognitive Drift|Quantum Bloom|Chromatic Overload,
250,"Mystery Machine AOP Lapel Shirt for Retro Maximalists — 125gsm Slub Cotton Scooby-Doo Inspired Long Sleeve Button-Up, Nostalgia-Core Creative Menswear, XS–5XL",Button-Up Shirt,85.0,https://cdn.shopify.com/s/files/1/0788/2358/8067/files/mystery-machine-aop-lapel-shirt-125gsm-slub-cotton-retro-9012619.png?v=1778120046,"Retro cartoon van/Mystery Machine inspired AOP shirt with psychedelic flowers, cartoon elements in bright 70s palette",dopamine dressing,eclectic maximalism,art kid fashion,main character energy,all over print,AOP fashion,streetwear,statement piece,psychedelic clothing,wearable art,bold print,indie aesthetic,The gang is dead — the mystery machine lives on your back,Guys,Avant-Kindergarden™|Boundless Bleeds|Maximalist Motifs|Color Riot|Cognitive Drift,
251,"Wearable Art Silk-Feel Shirt for Festival-Goers — Incoherent State of Dye AOP Short Sleeve, Fluid Abstract Print, Dyles Mavis Original, Imitation Silk Summer Statement, Unisex Top",Shirt,37.0,https://cdn.shopify.com/s/files/1/0788/2358/8067/files/abstract-print-silk-feel-shirt-all-over-print-short-sleeve-4145540.png?v=1778120046,Abstract fluid dye tie-dye inspired silk AOP shirt with flowing color bleed in warm earthy coral/amber tones,chromatic therapy,wearable art movement,festival core 2026,vivid aura aesthetic,all over print,AOP fashion,festival outfit,rave wear,psychedelic clothing,statement piece,wearable art,bold print,Dye hard — this one bleeds beauty on purpose,Guys+Girls,Boundless Bleeds|Cognitive Drift|Chromatic Overload|Color Riot,
252,"Silk-Feel Pajama Set for Luxury Sleepwear Collectors — AOP Long Sleeve Imitation Silk PJ Set, White Contrast Piping, Art-Forward Sleepwear, Gift for Her, Women's Statement Loungewear",Pajama Set,71.36,https://cdn.shopify.com/s/files/1/0788/2358/8067/files/155733-2fac7b9a-81cd-4c7a-8074-c6e5b1f13fee.jpg?v=1774789574,"AOP silk feel pajama set with all-over printed pattern in bold maximalist colorway, contrast white piping",dopamine dressing,eclectic maximalism,quiet chaos aesthetic,serotonin boost fashion,all over print,AOP fashion,statement piece,wearable art,maximalist fashion,unique gift,bold print,alt fashion,Dream louder — your bedtime look should wake people up,Girls,Boundless Bleeds|Maximalist Motifs|Chromatic Overload|Color Riot,Home & Living
253,"Tropical Leaf Maxi Dress for Botanical Aesthetic Lovers — AOP Sleeveless Blue Toned Floral, Summer Festival Dress, Art-Forward Women's Floor-Length, Beach Vacation Statement, S–5XL",Dress,50.42,https://cdn.shopify.com/s/files/1/0788/2358/8067/files/155733-7d5717b4-5ab5-4546-a932-ac0a37d77abc.png?v=1774789745,Blue-toned tropical leaf and botanical print sleeveless maxi dress with lush jungle foliage AOP,chromatic therapy,vivid aura aesthetic,festival core 2026,wearable art movement,all over print,AOP fashion,festival outfit,statement piece,bold print,wearable art,indie aesthetic,burning man outfit,Floor-length and full-jungle — the forest floor never looked this good,Girls,Primal Prints|Boundless Bleeds|Quantum Bloom|Color Riot,
254,"Holographic Collectors Card AOP Baseball Jersey for Streetwear Collectors — All-Over Print Statement Athletic Top, Gift for Him, Maximalist Festival Sports Jersey",Jersey,47.0,https://cdn.shopify.com/s/files/1/0788/2358/8067/files/holographic-collectors-card-baseball-jersey-all-over-print-5482867.png?v=1778285946,Holographic trading card collector motif AOP baseball jersey with prismatic foil-inspired repeated card patterns,post-internet fashion,hyperpop streetwear,main character energy,art kid fashion,all over print,AOP fashion,streetwear,statement piece,graphic print,maximalist fashion,wearable art,unique gift,Pull rate: legendary — this jersey is the one you never trade away,Guys,Boundless Bleeds|Maximalist Motifs|Ocular Opulence|Chromatic Overload|Vibe-Checked Vectors,
255,Color Storm — Psychedelic Marble AOP Heavy Fleece Sweatshirt | Men's Trippy Crewneck,Sweatshirt,45.76,https://cdn.shopify.com/s/files/1/0788/2358/8067/files/155733-2dae4f2c-eb49-4808-b7a5-d2dde81e3cd2.jpg?v=1774789872,Psychedelic marble swirl AOP crewneck sweatshirt with fluid color pour in electric blue/purple/green,chromatic therapy,vivid aura aesthetic,dopamine dressing,wearable art movement,all over print,AOP fashion,psychedelic clothing,statement piece,bold print,rave wear,maximalist fashion,wearable art,Chaos poured in — comfort came out — wear the storm,Guys,Boundless Bleeds|Cognitive Drift|Chromatic Overload|Color Riot,
256,"Evergreen AOP Hawaiian Shirt for Summer's Most Intentional Dresser — 150gsm Bamboo-Texture Polyester, Auto-Matched Stitch, Full-Bleed Resort Statement, S–5XL",Hawaiian Shirt,45.0,https://cdn.shopify.com/s/files/1/0788/2358/8067/files/155733-1c98ef5c-6e91-4dfd-b2be-c9a068b15864.png?v=1778500359,Dense botanical foliage AOP Hawaiian shirt in deep forest greens with jungle leaf pattern full-bleed,eclectic maximalism,festival core 2026,wearable art movement,vivid aura aesthetic,all over print,AOP fashion,festival outfit,statement piece,bold print,maximalist fashion,wearable art,burning man outfit,Not a tourist — a botanist of style who never left the jungle,Guys,Primal Prints|Boundless Bleeds|Quantum Bloom|Maximalist Motifs,
257,"Evil Intentions Dark Art Sweatshirt for Alt Streetwear Collectors — 320gsm Fur-Lined Fleece AOP, Full-Bleed Dark Maximalist Print, Genuine Cold-Weather Statement, XS–5XL",Sweatshirt,45.0,https://cdn.shopify.com/s/files/1/0788/2358/8067/files/evil-intentions-aop-sweatshirt-320gsm-fleece-lined-dark-art-5190187.png?v=1778120046,"Dark maximalist AOP sweatshirt with evil/occult-adjacent motifs — skulls, dark florals, gothic script in deep black and crimson",eclectic maximalism,wearable art movement,weird girl aesthetic,art kid fashion,all over print,AOP fashion,psychedelic clothing,alt fashion,maximalist fashion,wearable art,statement piece,gothic dark art,Dark intentions look better in fleece — full-coverage evil never felt this cozy,Guys+Girls,StreetsmART|Cognitive Drift|Primal Prints|Hyperdensity,
258,Skull Kid Inside AOP Sweatshirt | Fleece-Lined Streetwear by Dyles Mavis,Sweatshirt,46.0,https://cdn.shopify.com/s/files/1/0788/2358/8067/files/skull-kid-inside-aop-sweatshirt-fleece-lined-streetwear-by-dyles-mavis-6838497.png?v=1778120046,Cartoon skull character AOP sweatshirt with playful yet menacing skull face designs in bold graphic style,dopamine dressing,weird girl aesthetic,art kid fashion,hyperpop streetwear,all over print,AOP fashion,streetwear,graphic print,bold print,alt fashion,statement piece,skull graphic,The skull kid inside you finally has something to wear,Guys+Girls,StreetsmART|Avant-Kindergarden™|Primal Prints|Static Frequency,
259,Pastel Melt Swirl Women's Hoodie — Soft Rainbow Marble AOP Pullover for Dreamy Maximalists,Hoodie,48.0,https://cdn.shopify.com/s/files/1/0788/2358/8067/files/all-over-print-womens-pullover-hoodie-2827873.png?v=1778120046,Soft pastel rainbow marble swirl AOP women's hoodie with dreamy cotton-candy gradient blending,dopamine dressing,chromatic therapy,serotonin boost fashion,vivid aura aesthetic,all over print,AOP fashion,psychedelic clothing,bold print,maximalist fashion,wearable art,statement piece,pastel swirl,Melt into every color at once — this hoodie is a full-body mood upgrade,Girls,Chromatic Overload|Quantum Bloom|Color Riot|Boundless Bleeds,
260,Spiral Tie-Dye Patch Collaged Jacket — Rainbow Swirl Collage AOP Canvas-Feel Statement Outerwear,Jacket,63.46,https://cdn.shopify.com/s/files/1/0788/2358/8067/files/155733-8f8f53f1-9618-4169-b5fd-6249cfb902f9.jpg?v=1774790645,Rainbow tie-dye spiral collage jacket with patchwork swirl panels in vivid multicolor canvas feel,eclectic maximalism,wearable art movement,festival core 2026,chromatic therapy,all over print,AOP fashion,festival outfit,psychedelic clothing,maximalist fashion,wearable art,burning man outfit,tie-dye collage,Every panel is a different dimension — wear the whole rainbow at once,Guys+Girls,Boundless Bleeds|Color Riot|Chromatic Overload|Ocular Opulence,
261,Glacier Shard Collared Jacket — Icy Blue Abstract Patchwork AOP Outerwear for Cool-Tone Maximalists,Jacket,61.46,https://cdn.shopify.com/s/files/1/0788/2358/8067/files/155733-1c98ef5c-6e91-4dfd-b2be-c9a068b15864.png?v=1774789575,Icy blue and white abstract patchwork AOP jacket with glacier-inspired fractured shard geometry in cool tones,eclectic maximalism,wearable art movement,quiet chaos aesthetic,vivid aura aesthetic,all over print,AOP fashion,statement piece,graphic print,maximalist fashion,wearable art,alt fashion,glacier geometric,Cold never looked this calculated — wear the fracture lines with intention,Guys+Girls,Tacticolor|Boundless Bleeds|Cognitive Drift|Astral Syntax,
262,"Cosmic Abstract Hockey Jersey for Streetwear Collectors — Full-Coverage AOP Mesh, Rink-to-Festival Statement, Bold Print Sports Jersey, Unisex Maximalist Sportswear, S–5XL",Jersey,42.0,https://cdn.shopify.com/s/files/1/0788/2358/8067/files/155733-1fa54f98-22c1-44e7-8aba-060d87cf813d.png?v=1779046988,"Cosmic space abstract AOP hockey jersey with nebula/galaxy swirls in deep navy, purple and gold",festival core 2026,wearable art movement,main character energy,vivid aura aesthetic,all over print,AOP fashion,festival outfit,rave wear,streetwear,statement piece,bold print,cosmic nebula,The galaxy needed a dress code — you just passed the vibe check,Guys+Girls,Cosmic Debris|Astral Syntax|Static Frequency|Chromatic Overload,
263,Organic Cellular Mutation AOP Slim Fit Long Sleeve Shirt,Button-Up Shirt,47.26,https://cdn.shopify.com/s/files/1/0788/2358/8067/files/organic-cellular-mutation-aop-slim-fit-long-sleeve-shirt-1569635.png?v=1777788609,"Organic cellular/biological mutation pattern AOP shirt — micro-cell structures, DNA-inspired forms in earthy tones",wearable art movement,art kid fashion,neuro-spicy style,post-internet fashion,all over print,AOP fashion,graphic print,wearable art,alt fashion,statement piece,maximalist fashion,bio-organic print,Evolution is aesthetic — wear the mutation and call it a look,Guys,Quantum Bloom|Hyperdensity|Primal Prints|Cognitive Drift,
264,Morningstar At Night AOP Hockey Jersey – Celestial Mesh Streetwear,Jersey,42.0,https://cdn.shopify.com/s/files/1/0788/2358/8067/files/morningstar-at-night-aop-hockey-jersey-celestial-mesh-streetwear-4424673.png?v=1777788666,Dark celestial night sky AOP hockey jersey with morningstar/star motifs in deep navy and gold on mesh,festival core 2026,main character energy,wearable art movement,vivid aura aesthetic,all over print,AOP fashion,festival outfit,rave wear,streetwear,bold print,statement piece,celestial stars,The stars aligned and so did the fit — celestial mesh hits different after dark,Guys+Girls,Astral Syntax|Cosmic Debris|Static Frequency|Transcendent Artifacts,
265,Tropical AOP Hawaiian Shirt | 150GSM Bamboo-Feel Button-Up,Hawaiian Shirt,48.56,https://cdn.shopify.com/s/files/1/0788/2358/8067/files/tropical-aop-hawaiian-shirt-150gsm-bamboo-feel-button-up-9062294.png?v=1778120046,"Lush tropical foliage AOP Hawaiian shirt with bold palm leaves, tropical birds in vivid greens",dopamine dressing,chromatic therapy,festival core 2026,serotonin boost fashion,all over print,AOP fashion,festival outfit,psychedelic clothing,bold print,graphic print,statement piece,tropical botanical,Bring the jungle to the block party — bamboo-feel botanicals built for main characters,Guys,Primal Prints|Color Riot|Boundless Bleeds|Chromatic Overload,
266,"Classic Graffiti AOP Hawaiian Shirt for Summer Main Characters — 125gsm Antibacterial Cotton, Bamboo Texture Roman Collar, Beach Bar Gallery Festival Menswear, XS–7XL",Hawaiian Shirt,72.62,https://cdn.shopify.com/s/files/1/0788/2358/8067/files/155733-50cf66a8-f907-4a86-9287-c67bea000da7.png?v=1778714589,Classic graffiti tag and lettering AOP Hawaiian shirt — spray paint style bubble letters and tags over bright background,main character energy,post-internet fashion,wearable art movement,festival core 2026,all over print,AOP fashion,streetwear,statement piece,graphic print,alt fashion,wearable art,graffiti lettering,The streets went to the beach and left their tags on your shirt,Guys,StreetsmART|Color Riot|Vibe-Checked Vectors|Maximalist Motifs,
267,Maximalist Print Men's Hawaiian Shirt | AOP Short Sleeve Summer Button-Down,Hawaiian Shirt,72.62,https://cdn.shopify.com/s/files/1/0788/2358/8067/files/155733-a3e8ec3e-6d7f-4686-9618-fe86697ebd1b.png?v=1778715158,Bold maximalist pattern AOP Hawaiian shirt with intricate mixed motif collage in vivid warm color palette,dopamine dressing,eclectic maximalism,wearable art movement,festival core 2026,all over print,AOP fashion,festival outfit,psychedelic clothing,streetwear,bold print,maximalist fashion,wearable art,Turn up the volume on your wardrobe with a shirt that refuses to be ignored,Guys,StreetsmART|Maximalist Motifs|Chromatic Overload|Color Riot,
268,"Maximalist Hacci Knit Sweater for Cozy Self-Expressers — Eyeconic Drop-Shoulder AOP Pullover, Statement Loungewear, Indie Fashion, Unisex Bold Print Knitwear",Sweatshirt,48.0,https://cdn.shopify.com/s/files/1/0788/2358/8067/files/155733-3339389a-7c8d-4543-8e09-bfd4791367d1.png?v=1778479211,Eye motif/optical pattern Hacci knit sweater AOP — eyeconic bold eye graphics repeated across drop-shoulder pullover,weird girl aesthetic,art kid fashion,wearable art movement,neuro-spicy style,all over print,AOP fashion,statement piece,graphic print,alt fashion,maximalist fashion,wearable art,indie aesthetic,Eyes everywhere keeping the vibe eternally avant-garde,Guys+Girls,Ocular Opulence|Avant-Kindergarden|Maximalist Motifs|Hyperdensity,
269,Vivid Abstract AOP Men's Silk-Feel Shirt | Maximalist All-Over Print Summer Top,Shirt,36.78,https://cdn.shopify.com/s/files/1/0788/2358/8067/files/all-over-print-mens-imitation-silk-short-sleeved-shirt-5189065.png?v=1778120046,Vivid abstract expressionist silk AOP short sleeve shirt with painterly color explosions in electric hues,chromatic therapy,dopamine dressing,vivid aura aesthetic,wearable art movement,all over print,AOP fashion,psychedelic clothing,streetwear,bold print,statement piece,maximalist fashion,wearable art,Wear the canvas -- you are the masterpiece,Guys,Boundless Bleeds|Chromatic Overload|StreetsmART|Color Riot,
270,"Graffiti Mural AOP Lapel Shirt for Hip-Hop Streetwear Collectors — 125gsm Slub Cotton Long Sleeve, Full-Bleed Urban Art Workwear, Creative Director Statement Menswear",Button-Up Shirt,85.0,https://cdn.shopify.com/s/files/1/0788/2358/8067/files/graffiti-mural-aop-lapel-shirt-125gsm-slub-cotton-long-sleeve-5856155.png?v=1778120047,Large-scale graffiti mural AOP lapel shirt — full bleed urban street art lettering and characters in vivid spray-paint style,post-internet fashion,art kid fashion,eclectic maximalism,main character energy,all over print,AOP fashion,streetwear,graphic print,bold print,alt fashion,maximalist fashion,wearable art,The street came to you -- now wear it like you own the block,Guys,StreetsmART|Static Frequency|Vibe-Checked Vectors|Cognitive Drift,
271,"Crimson Ocean Reversible Bucket Hat for Bold Mood-Switchers — Boundless Bleeds AOP Both Sides Printed, Deep Red Fluid Abstract, Festival Streetwear Headwear, One Size",Bucket Hat,35.0,https://cdn.shopify.com/s/files/1/0788/2358/8067/files/crimson-ocean-reversible-aop-bucket-hat-two-looks-one-hat-2033968.png?v=1777788608,Crimson red and navy fluid abstract reversible bucket hat — two distinct abstract color pour designs one on each side,dopamine dressing,festival core 2026,chromatic therapy,vivid aura aesthetic,all over print,AOP fashion,festival outfit,rave wear,streetwear,statement piece,bold print,unique gift,Two moods one hat -- flip it and let the vibe decide,Guys+Girls,Boundless Bleeds|Color Riot|Chromatic Overload|Tacticolor,Accessories
272,"Maximalist Midi Dress for Gallery-Going Self-Expressers — AOP Button-Front Shirt Dress, Festival Statement Dress, Art-Forward Women's Midi, Waist-Tie Sublimation, Bold Print Women's",T-Shirt,60.92,https://cdn.shopify.com/s/files/1/0788/2358/8067/files/155733-0c0da215-670e-4b82-b247-428d49725d2f.png?v=1774789514,Bold maximalist pattern AOP midi shirt dress with button-front and waist tie in vibrant all-over printed sublimation,weird girl aesthetic,wearable art movement,eclectic maximalism,serotonin boost fashion,all over print,AOP fashion,festival outfit,psychedelic clothing,statement piece,bold print,maximalist fashion,wearable art,Gallery opening or main stage -- this dress belongs at both,Girls,Maximalist Motifs|Chromatic Overload|Quantum Bloom|Ocular Opulence,
273,"Tag Collage AOP Knit Beanie – All-Over Print, One Size",Beanie,25.0,https://cdn.shopify.com/s/files/1/0788/2358/8067/files/tag-collage-aop-knit-beanie-all-over-print-one-size-5735997.png?v=1777788667,Graffiti tag collage AOP knit beanie with overlapping urban tag lettering and spray-paint marks in bold colors,post-internet fashion,art kid fashion,hyperpop streetwear,main character energy,all over print,AOP fashion,streetwear,graphic print,bold print,alt fashion,statement piece,unique gift,Crown your cranium with the whole city skyline in knit form,Guys+Girls,StreetsmART|Static Frequency|Vibe-Checked Vectors|Avant-Kindergarden,Accessories
274,Painted Earth Long Cardigan — Artistic Print Button-Down Duster,Cardigan,128.95,https://cdn.shopify.com/s/files/1/0788/2358/8067/files/Firefly_Gemini_Flash_Generate_a_series_of_professional_studio_shots_featuring_a_model_wearing_the_specifie_580377.png?v=1777790307,Earthy painterly AOP long duster cardigan with landscape-inspired organic abstract print in terracotta and sage,quiet chaos aesthetic,wearable art movement,art kid fashion,serotonin boost fashion,all over print,AOP fashion,psychedelic clothing,statement piece,alt fashion,maximalist fashion,wearable art,indie aesthetic,Drape yourself in painted earth like the landscape chose you,Girls,Primal Prints|Transcendent Artifacts|Quantum Bloom|Cosmic Debris,
275,"Maximalist Winter Gloves for Cold-Weather Self-Expressers — Abstract AOP Polar Fleece, Festival Winter Accessory, Bold Print Handwear, Unisex Statement Gloves, Wearable Art",Gloves,66.0,https://cdn.shopify.com/s/files/1/0788/2358/8067/files/2951368_0_3d.jpg?v=1777790051,Abstract AOP polar fleece winter gloves with bold colorful all-over print maximalist design on full-coverage fleece,dopamine dressing,chromatic therapy,eclectic maximalism,vivid aura aesthetic,all over print,AOP fashion,rave wear,statement piece,bold print,maximalist fashion,wearable art,unique gift,Cold hands warm aura -- keep both going all winter long,Guys+Girls,Tacticolor|Chromatic Overload|Maximalist Motifs|Color Riot,Accessories
276,"Throw Blanket – Sandstorm All-Over Print | Premium Plush Velvet & Polar Fleece, 4 Sizes",Blanket,64.0,https://cdn.shopify.com/s/files/1/0788/2358/8067/files/throw-blanket-sandstorm-all-over-print-premium-plush-velvet-polar-fleece-4-sizes-4709298.png?v=1776616928,Desert sandstorm abstract AOP throw blanket in warm sandy ochres and burnt sienna tones on plush velvet/fleece,quiet chaos aesthetic,dopamine dressing,serotonin boost fashion,chromatic therapy,all over print,AOP fashion,psychedelic clothing,statement piece,bold print,maximalist fashion,wearable art,unique gift,Wrap yourself in a desert storm and never leave the couch again,All,Cosmic Debris|Primal Prints|Astral Syntax|Transcendent Artifacts,Home & Living
